﻿<parameters>
  <parameter name="IIS Web Application Name" defaultValue="Default Web Site/WeatherInfo_deploy" tags="IisApp">
    <parameterEntry kind="ProviderPath" scope="IisApp" match="^C:\\Users\\Sankari\\documents\\visual\ studio\ 2013\\Projects\\WeatherInfo\\WeatherInfo\\obj\\Release\\Package\\PackageTmp$" />
    <parameterEntry kind="ProviderPath" scope="setAcl" match="^C:\\Users\\Sankari\\documents\\visual\ studio\ 2013\\Projects\\WeatherInfo\\WeatherInfo\\obj\\Release\\Package\\PackageTmp$" />
  </parameter>
  <parameter name="DefaultConnection-Web.config Connection String" defaultValue="Data Source=(localdb)\Projects;Initial Catalog=master;Integrated Security=True">
    <parameterEntry kind="XmlFile" scope="C:\\Users\\Sankari\\documents\\visual\ studio\ 2013\\Projects\\WeatherInfo\\WeatherInfo\\obj\\Release\\Package\\PackageTmp\\Web\.config$" match="/configuration/connectionStrings/add[@name='DefaultConnection']/@connectionString" />
  </parameter>
  <parameter name="masterEntities-Web.config Connection String" defaultValue="metadata=res://*/Models.PrizeModel.csdl|res://*/Models.PrizeModel.ssdl|res://*/Models.PrizeModel.msl;provider=System.Data.SqlClient;provider connection string=&quot;Data Source=(localdb)\Projects;Initial Catalog=master;Integrated Security=True&quot;">
    <parameterEntry kind="XmlFile" scope="C:\\Users\\Sankari\\documents\\visual\ studio\ 2013\\Projects\\WeatherInfo\\WeatherInfo\\obj\\Release\\Package\\PackageTmp\\Web\.config$" match="/configuration/connectionStrings/add[@name='masterEntities']/@connectionString" />
  </parameter>
</parameters>